--
-- Script was generated by Devart dbForge Studio 2020 for MySQL, Version 9.0.338.0
-- Product home page: http://www.devart.com/dbforge/mysql/studio
-- Script date 03-Apr-25 12:56:27 AM
-- Server version: 10.5.19
-- Client version: 4.1
--

-- 
-- Disable foreign keys
-- 
/*!40014 SET @OLD_FOREIGN_KEY_CHECKS=@@FOREIGN_KEY_CHECKS, FOREIGN_KEY_CHECKS=0 */;

-- 
-- Set SQL mode
-- 
/*!40101 SET @OLD_SQL_MODE=@@SQL_MODE, SQL_MODE='NO_AUTO_VALUE_ON_ZERO' */;

-- 
-- Set character set the client will use to send SQL statements to the server
--
SET NAMES 'utf8';

DROP DATABASE IF EXISTS `emis.homework`;

CREATE DATABASE IF NOT EXISTS `emis.homework`
CHARACTER SET utf8
COLLATE utf8_general_ci;

--
-- Set default database
--
USE `emis.homework`;

--
-- Create table `subject`
--
CREATE TABLE IF NOT EXISTS subject (
  SubjectId char(36) NOT NULL DEFAULT '' COMMENT 'ID môn học',
  SubjectName varchar(255) NOT NULL DEFAULT '' COMMENT 'Tên môn học',
  SubjectImage char(36) DEFAULT NULL COMMENT 'Ảnh minh họa',
  CreatedDate datetime NOT NULL COMMENT 'Ngày tạo',
  CreatedBy varchar(255) NOT NULL DEFAULT '' COMMENT 'Người tạo',
  ModifiedDate datetime NOT NULL COMMENT 'Ngày sửa',
  ModifiedBy varchar(255) NOT NULL DEFAULT '' COMMENT 'Người sửa',
  PRIMARY KEY (SubjectId)
)
ENGINE = INNODB,
AVG_ROW_LENGTH = 1024,
CHARACTER SET utf8,
COLLATE utf8_general_ci;

--
-- Create index `UK_subject_SubjectId` on table `subject`
--
ALTER TABLE subject
ADD UNIQUE INDEX UK_subject_SubjectId (SubjectId);

--
-- Create table `grade`
--
CREATE TABLE IF NOT EXISTS grade (
  GradeId char(36) NOT NULL DEFAULT '' COMMENT 'Id lớp học',
  GradeName varchar(255) NOT NULL DEFAULT '' COMMENT 'Tên lớp học',
  CreatedDate datetime NOT NULL COMMENT 'Ngày tạo',
  CreatedBy varchar(255) NOT NULL DEFAULT '' COMMENT 'Người tạo',
  ModifiedDate datetime NOT NULL COMMENT 'Ngày sửa',
  ModifiedBy varchar(255) NOT NULL DEFAULT '' COMMENT 'Người sửa',
  PRIMARY KEY (GradeId)
)
ENGINE = INNODB,
AVG_ROW_LENGTH = 3276,
CHARACTER SET utf8,
COLLATE utf8_general_ci;

--
-- Create index `UK_grade_GradeId` on table `grade`
--
ALTER TABLE grade
ADD UNIQUE INDEX UK_grade_GradeId (GradeId);

DELIMITER $$

--
-- Create procedure `Proc_GetGradeById`
--
CREATE DEFINER = 'root'@'localhost'
PROCEDURE Proc_GetGradeById (IN p_GradeId char(36))
BEGIN
  SELECT
    g.GradeId,
    g.GradeName,
    g.CreatedDate,
    g.CreatedBy,
    g.ModifiedDate,
    g.ModifiedBy
  FROM grade g
  WHERE p_GradeId = g.GradeId;
END
$$

--
-- Create procedure `Proc_GetAllGrade`
--
CREATE DEFINER = 'root'@'localhost'
PROCEDURE Proc_GetAllGrade ()
BEGIN
  SELECT
    g.GradeId,
    g.GradeName,
    g.CreatedDate,
    g.CreatedBy,
    g.ModifiedDate,
    g.ModifiedBy
  FROM grade g;
END
$$

DELIMITER ;

--
-- Create table `topic`
--
CREATE TABLE IF NOT EXISTS topic (
  TopicId char(36) NOT NULL DEFAULT '' COMMENT 'Id chủ đề',
  TopicName varchar(255) NOT NULL DEFAULT '' COMMENT 'Tên chủ đề',
  GradeId char(36) NOT NULL DEFAULT '' COMMENT 'Id lớp học',
  SubjectId char(36) NOT NULL DEFAULT '' COMMENT 'Id môn học',
  CreatedDate datetime NOT NULL COMMENT 'Ngày tạo',
  CreatedBy varchar(255) NOT NULL DEFAULT '' COMMENT 'Người tạo',
  ModifiedDate datetime NOT NULL COMMENT 'Ngày sửa',
  ModifiedBy varchar(255) NOT NULL DEFAULT '' COMMENT 'Người sửa',
  PRIMARY KEY (TopicId)
)
ENGINE = INNODB,
AVG_ROW_LENGTH = 910,
CHARACTER SET utf8,
COLLATE utf8_general_ci;

--
-- Create index `UK_topic_TopicId` on table `topic`
--
ALTER TABLE topic
ADD UNIQUE INDEX UK_topic_TopicId (TopicId);

--
-- Create foreign key
--
ALTER TABLE topic
ADD CONSTRAINT FK_topic_GradeId FOREIGN KEY (GradeId)
REFERENCES grade (GradeId) ON DELETE NO ACTION ON UPDATE NO ACTION;

--
-- Create foreign key
--
ALTER TABLE topic
ADD CONSTRAINT FK_topic_SubjectId FOREIGN KEY (SubjectId)
REFERENCES subject (SubjectId) ON DELETE NO ACTION ON UPDATE NO ACTION;

DELIMITER $$

--
-- Create procedure `Proc_GetTopicById`
--
CREATE DEFINER = 'root'@'localhost'
PROCEDURE Proc_GetTopicById (IN p_TopicId char(36))
BEGIN
  SELECT
    t.TopicId,
    t.TopicName,
    t.GradeId,
    t.SubjectId,
    t.CreatedDate,
    t.CreatedBy,
    t.ModifiedDate,
    t.ModifiedBy
  FROM topic t
  WHERE t.TopicId = p_TopicId;
END
$$

--
-- Create procedure `Proc_GetAllTopicByGradeAndSubjectId`
--
CREATE DEFINER = 'root'@'localhost'
PROCEDURE Proc_GetAllTopicByGradeAndSubjectId (IN p_GradeId char(36), IN p_SubjectId char(36))
BEGIN
  SELECT
    t.TopicId,
    t.TopicName,
    t.GradeId,
    t.SubjectId,
    t.CreatedDate,
    t.CreatedBy,
    t.ModifiedDate,
    t.ModifiedBy
  FROM topic t
  WHERE t.GradeId = p_GradeId
  AND t.SubjectId = p_SubjectId;
END
$$

--
-- Create procedure `Proc_GetAllTopic`
--
CREATE DEFINER = 'root'@'localhost'
PROCEDURE Proc_GetAllTopic ()
BEGIN
  SELECT
    t.TopicId,
    t.TopicName,
    t.GradeId,
    t.SubjectId,
    t.CreatedDate,
    t.CreatedBy,
    t.ModifiedDate,
    t.ModifiedBy
  FROM topic t;
END
$$

DELIMITER ;

--
-- Create table `exercise`
--
CREATE TABLE IF NOT EXISTS exercise (
  ExerciseId char(36) NOT NULL DEFAULT '' COMMENT 'Id bài tập',
  ExerciseName varchar(255) DEFAULT NULL COMMENT 'Tên bài tập',
  ExerciseImage char(36) DEFAULT '' COMMENT 'Ảnh bài tập',
  GradeId char(36) NOT NULL DEFAULT '' COMMENT 'ID lớp học',
  SubjectId char(36) NOT NULL DEFAULT '' COMMENT 'Id môn học',
  TopicId char(36) DEFAULT NULL COMMENT 'Id chủ đề',
  ExerciseStatus smallint(6) NOT NULL COMMENT 'Trạng thái của bài tập (1 - đang soạn, 2 - đã soạn)',
  ExerciseTag varchar(255) DEFAULT NULL COMMENT 'Thẻ tìm kiếm',
  CreatedDate datetime NOT NULL COMMENT 'Ngày tạo',
  CreatedBy varchar(255) NOT NULL DEFAULT '' COMMENT 'Người tạo',
  ModifiedDate datetime NOT NULL COMMENT 'Ngày sửa',
  ModifiedBy varchar(255) NOT NULL DEFAULT '' COMMENT 'Người sửa'
)
ENGINE = INNODB,
AVG_ROW_LENGTH = 1820,
CHARACTER SET utf8,
COLLATE utf8_general_ci;

--
-- Create index `UK_exercise_ExerciseId` on table `exercise`
--
ALTER TABLE exercise
ADD UNIQUE INDEX UK_exercise_ExerciseId (ExerciseId);

--
-- Create foreign key
--
ALTER TABLE exercise
ADD CONSTRAINT FK_exercise_GradeId2 FOREIGN KEY (GradeId)
REFERENCES grade (GradeId) ON DELETE NO ACTION ON UPDATE NO ACTION;

--
-- Create foreign key
--
ALTER TABLE exercise
ADD CONSTRAINT FK_exercise_SubjectId2 FOREIGN KEY (SubjectId)
REFERENCES subject (SubjectId) ON DELETE NO ACTION ON UPDATE NO ACTION;

--
-- Create foreign key
--
ALTER TABLE exercise
ADD CONSTRAINT FK_exercise_TopicId2 FOREIGN KEY (TopicId)
REFERENCES topic (TopicId) ON DELETE NO ACTION ON UPDATE NO ACTION;

DELIMITER $$

--
-- Create procedure `Proc_UpdateExercise`
--
CREATE DEFINER = 'root'@'localhost'
PROCEDURE Proc_UpdateExercise (IN p_ExerciseId char(36), IN p_ExerciseName varchar(255), IN p_ExerciseImage varchar(255), IN p_GradeId char(36), IN p_SubjectId char(36), IN p_TopicId char(36), IN p_ExerciseStatus smallint, IN p_ExerciseTag varchar(255), IN p_ModifiedDate datetime, IN p_ModifiedBy varchar(255))
BEGIN
  UPDATE exercise e
  SET ExerciseName = p_ExerciseName,
      ExerciseImage = p_ExerciseImage,
      GradeId = p_GradeId,
      SubjectId = p_SubjectId,
      TopicId = p_TopicId,
      ExerciseStatus = p_ExerciseStatus,
      ExerciseTag = p_ExerciseTag,
      ModifiedDate = p_ModifiedDate,
      ModifiedBy = p_ModifiedBy
  WHERE e.ExerciseId = p_ExerciseId;


END
$$

--
-- Create procedure `Proc_PostExercise`
--
CREATE DEFINER = 'root'@'localhost'
PROCEDURE Proc_PostExercise (IN p_ExerciseId char(36), IN p_ExerciseName varchar(255), IN p_ExerciseImage varchar(255), IN p_GradeId char(36), IN p_SubjectId char(36), IN p_TopicId char(36), IN p_ExerciseStatus smallint, IN p_ExerciseTag varchar(255), IN p_CreatedDate datetime, IN p_CreatedBy varchar(255), IN p_ModifiedDate datetime, IN p_ModifiedBy varchar(255))
BEGIN
  INSERT INTO exercise (ExerciseId, ExerciseName, ExerciseImage, GradeId, SubjectId, TopicId, ExerciseStatus, ExerciseTag, CreatedDate, CreatedBy, ModifiedDate, ModifiedBy)
    VALUES (p_ExerciseId, p_ExerciseName, p_ExerciseImage, p_GradeId, p_SubjectId, p_TopicId, p_ExerciseStatus, p_ExerciseTag, p_CreatedDate, p_CreatedBy, p_ModifiedDate, p_ModifiedBy);
END
$$

--
-- Create procedure `Proc_DeleteExerciseByIds`
--
CREATE DEFINER = 'root'@'localhost'
PROCEDURE Proc_DeleteExerciseByIds (IN p_ExerciseIds longtext)
BEGIN
  DELETE
    FROM exercise
  WHERE FIND_IN_SET(ExerciseId, p_ExerciseIds) > 0;
END
$$

DELIMITER ;

--
-- Create table `question`
--
CREATE TABLE IF NOT EXISTS question (
  QuestionId char(36) NOT NULL DEFAULT '' COMMENT 'Id câu hỏi',
  QuestionContent text NOT NULL COMMENT 'Nội dung câu hỏi',
  QuestionHint text DEFAULT NULL COMMENT 'Lời giải câu hỏi',
  ExerciseId char(36) NOT NULL DEFAULT '' COMMENT 'Id bài tập',
  QuestionType smallint(6) NOT NULL COMMENT 'Dạng câu hỏi ( 1-chọn đáp án, 2- đúng sai, 3- điền vào chỗ trống, 4- tự luận)',
  CreatedDate datetime NOT NULL COMMENT 'Ngày tạo',
  CreatedBy varchar(255) NOT NULL DEFAULT '' COMMENT 'Người tạo',
  ModifiedDate datetime NOT NULL COMMENT 'Ngày sửa',
  ModifiedBy varchar(255) NOT NULL DEFAULT '' COMMENT 'Người sửa',
  PRIMARY KEY (QuestionId)
)
ENGINE = INNODB,
AVG_ROW_LENGTH = 1024,
CHARACTER SET utf8,
COLLATE utf8_general_ci;

--
-- Create index `UK_question_QuestionId` on table `question`
--
ALTER TABLE question
ADD UNIQUE INDEX UK_question_QuestionId (QuestionId);

--
-- Create foreign key
--
ALTER TABLE question
ADD CONSTRAINT FK_question_ExerciseId FOREIGN KEY (ExerciseId)
REFERENCES exercise (ExerciseId) ON DELETE CASCADE ON UPDATE NO ACTION;

DELIMITER $$

--
-- Create procedure `Proc_UpdateQuestion`
--
CREATE DEFINER = 'root'@'localhost'
PROCEDURE Proc_UpdateQuestion (IN p_QuestionId char(36), IN p_QuestionContent text, IN p_QuestionHint text, IN p_ExerciseId char(36), IN p_QuestionType smallint, IN p_ModifiedDate datetime, IN p_ModifiedBy varchar(255))
BEGIN

  UPDATE question q
  SET QuestionContent = p_QuestionContent,
      QuestionHint = p_QuestionHint,
      ExerciseId = p_ExerciseId,
      QuestionType = p_QuestionType,
      ModifiedDate = p_ModifiedDate,
      ModifiedBy = p_ModifiedBy
  WHERE QuestionId = p_QuestionId;

END
$$

--
-- Create procedure `Proc_PostQuestion`
--
CREATE DEFINER = 'root'@'localhost'
PROCEDURE Proc_PostQuestion (IN p_QuestionId char(36), IN p_QuestionContent text, IN p_QuestionHint text, IN p_ExerciseId char(36), IN p_QuestionType smallint, IN p_CreatedDate datetime, IN p_CreatedBy varchar(255), IN p_ModifiedDate datetime, IN p_ModifiedBy varchar(255))
BEGIN
  INSERT INTO question (QuestionId, QuestionContent, QuestionHint, ExerciseId, QuestionType, CreatedDate, CreatedBy, ModifiedDate, ModifiedBy)
    VALUES (p_QuestionId, p_QuestionContent, p_QuestionHint, p_ExerciseId, p_QuestionType, p_CreatedDate, p_CreatedBy, p_ModifiedDate, p_ModifiedBy);
END
$$

--
-- Create procedure `Proc_GetQuestionById`
--
CREATE DEFINER = 'root'@'localhost'
PROCEDURE Proc_GetQuestionById (IN p_QuestionId char(36))
BEGIN
  SELECT
    q.QuestionId,
    q.QuestionContent,
    q.QuestionHint,
    q.ExerciseId,
    q.QuestionType,
    q.CreatedDate,
    q.CreatedBy,
    q.ModifiedDate,
    q.ModifiedBy
  FROM question q
  WHERE p_QuestionId = q.QuestionId;
END
$$

--
-- Create procedure `Proc_GetAllQuestion`
--
CREATE DEFINER = 'root'@'localhost'
PROCEDURE Proc_GetAllQuestion ()
BEGIN
  SELECT
    q.QuestionId,
    q.QuestionContent,
    q.QuestionHint,
    q.ExerciseId,
    q.QuestionType,
    q.CreatedDate,
    q.CreatedBy,
    q.ModifiedDate,
    q.ModifiedBy
  FROM question q;
END
$$

--
-- Create procedure `Proc_GetAllExercise`
--
CREATE DEFINER = 'root'@'localhost'
PROCEDURE Proc_GetAllExercise ()
BEGIN
  SELECT
    e.ExerciseId,
    e.ExerciseName,
    e.ExerciseImage,
    e.GradeId,
    e.SubjectId,
    e.TopicId,
    e.ExerciseStatus,
    e.ExerciseTag,
    e.CreatedDate,
    e.CreatedBy,
    e.ModifiedDate,
    e.ModifiedBy,
    COUNT(q.QuestionId)
  FROM exercise e
    LEFT JOIN question q
      ON q.ExerciseId = e.ExerciseId
  GROUP BY e.ExerciseId
  ORDER BY e.CreatedDate DESC;


END
$$

--
-- Create procedure `Proc_DeleteQuestionByIds`
--
CREATE DEFINER = 'root'@'localhost'
PROCEDURE Proc_DeleteQuestionByIds (IN p_QuestionIds longtext)
BEGIN
  DELETE
    FROM question
  WHERE FIND_IN_SET(QuestionId, p_QuestionIds) > 0;
END
$$

DELIMITER ;

--
-- Create table `answer`
--
CREATE TABLE IF NOT EXISTS answer (
  AnswerId char(36) NOT NULL DEFAULT '' COMMENT 'Id câu trả lời',
  AnswerContent text NOT NULL COMMENT 'Nội dung câu trả lời',
  AnswerImage char(36) DEFAULT NULL COMMENT 'Ảnh đính kèm',
  AnswerStatus smallint(6) NOT NULL COMMENT 'Trạng thái câu trả lời(1- đúng. 2- sai)',
  AnswerOrder int(11) NOT NULL,
  QuestionId char(36) NOT NULL DEFAULT '' COMMENT 'Id câu hỏi',
  CreatedDate datetime NOT NULL COMMENT 'Ngày tạo',
  CreatedBy varchar(255) NOT NULL DEFAULT '' COMMENT 'Người tạo',
  ModifiedDate datetime NOT NULL COMMENT 'Ngày sửa',
  ModifiedBy varchar(255) NOT NULL DEFAULT '' COMMENT 'Người sửa',
  PRIMARY KEY (AnswerId)
)
ENGINE = INNODB,
AVG_ROW_LENGTH = 963,
CHARACTER SET utf8,
COLLATE utf8_general_ci;

--
-- Create index `UK_answer_AnswerId` on table `answer`
--
ALTER TABLE answer
ADD UNIQUE INDEX UK_answer_AnswerId (AnswerId);

--
-- Create foreign key
--
ALTER TABLE answer
ADD CONSTRAINT FK_answer_QuestionId FOREIGN KEY (QuestionId)
REFERENCES question (QuestionId) ON DELETE CASCADE ON UPDATE NO ACTION;

DELIMITER $$

--
-- Create procedure `Proc_GetExerciseById`
--
CREATE DEFINER = 'root'@'localhost'
PROCEDURE Proc_GetExerciseById (IN p_ExerciseId char(36))
BEGIN
  SELECT
    e.ExerciseId,
    e.ExerciseName,
    e.ExerciseImage,
    e.GradeId,
    e.SubjectId,
    e.TopicId,
    e.ExerciseStatus,
    e.ExerciseTag,
    (SELECT
        COUNT(1)
      FROM question q
      WHERE q.ExerciseId = e.ExerciseId) AS TotalQuestion,
    e.CreatedDate,
    e.CreatedBy,
    e.ModifiedDate,
    e.ModifiedBy,
    q.QuestionId,
    q.QuestionContent,
    q.QuestionHint,
    q.ExerciseId,
    q.QuestionType,
    q.CreatedDate,
    q.CreatedBy,
    q.ModifiedDate,
    q.ModifiedBy,
    a.AnswerId,
    a.AnswerContent,
    a.AnswerImage,
    a.AnswerStatus,
    a.AnswerOrder,
    a.QuestionId,
    a.CreatedDate,
    a.CreatedBy,
    a.ModifiedDate,
    a.ModifiedBy

  FROM exercise e
    LEFT JOIN question q
      ON e.ExerciseId = q.ExerciseId
    LEFT JOIN answer a
      ON q.QuestionId = a.QuestionId
  WHERE p_ExerciseId = e.ExerciseId
  ORDER BY q.CreatedDate, a.AnswerOrder;

END
$$

--
-- Create procedure `Proc_GetAnswerById`
--
CREATE DEFINER = 'root'@'localhost'
PROCEDURE Proc_GetAnswerById (IN p_AnswerId char(36))
BEGIN
  SELECT
    a.AnswerId,
    a.AnswerContent,
    a.AnswerImage,
    a.AnswerStatus,
    a.AnswerOrder,
    a.QuestionId,
    a.CreatedDate,
    a.CreatedBy,
    a.ModifiedDate,
    a.ModifiedBy
  FROM answer a
  WHERE p_AnswerId = a.AnswerId;
END
$$

--
-- Create procedure `Proc_GetAllAnswer`
--
CREATE DEFINER = 'root'@'localhost'
PROCEDURE Proc_GetAllAnswer ()
BEGIN
  SELECT
    a.AnswerId,
    a.AnswerContent,
    a.AnswerImage,
    a.AnswerStatus,
    a.AnswerOrder,
    a.QuestionId,
    a.CreatedDate,
    a.CreatedBy,
    a.ModifiedDate,
    a.ModifiedBy
  FROM answer a;
END
$$

--
-- Create procedure `Proc_DeleteAnswerByQuestionId`
--
CREATE DEFINER = 'root'@'localhost'
PROCEDURE Proc_DeleteAnswerByQuestionId (IN p_QuestionId char(36))
BEGIN
  DELETE
    FROM answer
  WHERE answer.QuestionId = p_QuestionId;
END
$$

--
-- Create procedure `Proc_GetSubjectById`
--
CREATE DEFINER = 'root'@'localhost'
PROCEDURE Proc_GetSubjectById (IN p_SubjectId char(36))
BEGIN
  SELECT
    s.SubjectId,
    s.SubjectName,
    s.SubjectImage,
    s.CreatedDate,
    s.CreatedBy,
    s.ModifiedDate,
    s.ModifiedBy
  FROM subject s
  WHERE p_SubjectId = s.SubjectId;
END
$$

--
-- Create procedure `Proc_GetAllSubject`
--
CREATE DEFINER = 'root'@'localhost'
PROCEDURE Proc_GetAllSubject ()
BEGIN
  SELECT
    s.SubjectId,
    s.SubjectName,
    s.SubjectImage,
    s.CreatedDate,
    s.CreatedBy,
    s.ModifiedDate,
    s.ModifiedBy
  FROM subject s;
END
$$

DELIMITER ;

-- 
-- Dumping data for table subject
--
INSERT INTO subject VALUES
('114b715b-430f-74cd-d5c6-21b180c0988f', 'Toán', NULL, '2023-07-19 15:40:37', 'DPHai', '2023-07-19 15:40:37', 'DPHai'),
('1242d680-4f02-3bbb-9d66-a58ab8ff47ca', 'Tiếng Việt', NULL, '2023-07-19 15:40:37', 'DPHai', '2023-07-19 15:40:37', 'DPHai'),
('13a507d0-342d-6292-6de3-2ceaa9cf3765', 'Tiếng Anh', NULL, '2023-07-19 15:40:37', 'DPHai', '2023-07-19 15:40:37', 'DPHai'),
('1949dae3-4d44-217e-9c66-a58ab8ff47ca', 'Đạo đức', NULL, '2023-07-19 15:40:37', 'DPHai', '2023-07-19 15:40:37', 'DPHai'),
('1f60e54f-196f-45f3-5498-ae38c5379e4b', 'Tự nhiên và Xã hội', NULL, '2023-07-19 15:40:37', 'DPHai', '2023-07-19 15:40:37', 'DPHai'),
('234be17d-3820-7daa-5698-ae38c5379e4b', 'Âm nhạc', NULL, '2023-07-19 15:40:37', 'DPHai', '2023-07-19 15:40:37', 'DPHai'),
('23df2104-50d7-1d9c-eadb-93dede770727', 'Mĩ thuật', NULL, '2023-07-19 15:40:37', 'DPHai', '2023-07-19 15:40:37', 'DPHai'),
('26895d47-1420-68d0-9e66-a58ab8ff47ca', 'Thể dục', NULL, '2023-07-19 15:40:37', 'DPHai', '2023-07-19 15:40:37', 'DPHai'),
('3564d2c8-2839-5bf7-851b-27d9d367aeb0', 'Khoa học', NULL, '2023-07-19 15:40:37', 'DPHai', '2023-07-19 15:40:37', 'DPHai'),
('3650c04e-62b1-6908-5598-ae38c5379e4b', 'Lịch sử và Địa lí', NULL, '2023-07-19 15:40:37', 'DPHai', '2023-07-19 15:40:37', 'DPHai'),
('47782bc9-1bf1-7c7b-6ee3-2ceaa9cf3765', 'Kĩ thuật', NULL, '2023-07-19 15:40:37', 'DPHai', '2023-07-19 15:40:37', 'DPHai'),
('4958949d-17c9-454d-841b-27d9d367aeb0', 'Tin học', NULL, '2023-07-19 15:40:37', 'DPHai', '2023-07-19 15:40:37', 'DPHai'),
('4c411322-7cb4-657d-6fe3-2ceaa9cf3765', 'Thủ công', NULL, '2023-07-19 15:40:37', 'DPHai', '2023-07-19 15:40:37', 'DPHai'),
('6827e1c0-5b98-6d19-831b-27d9d367aeb0', 'Hoạt động trải nghiệm', NULL, '2023-07-19 15:40:37', 'DPHai', '2023-07-19 15:40:37', 'DPHai'),
('6e0dc48e-3eac-6143-9b66-a58ab8ff47ca', 'Giáo dục thể chất', NULL, '2023-07-19 15:40:37', 'DPHai', '2023-07-19 15:40:37', 'DPHai'),
('7fa72f44-2825-2b26-d190-152dfadf6d0d', 'Khác', NULL, '2023-07-19 15:40:37', 'DPHai', '2023-07-19 15:40:37', 'DPHai');

-- 
-- Dumping data for table grade
--
INSERT INTO grade VALUES
('35e773ea-5d44-2dda-26a8-6d513e380bde', 'Khối 1', '2023-07-19 15:40:37', 'DPHai', '2023-07-19 15:40:37', 'DPHai'),
('3f8e6896-4c7d-15f5-a018-75d8bd200d7c', 'Khối 2', '2023-07-19 15:40:37', 'DPHai', '2023-07-19 15:40:37', 'DPHai'),
('45ac3d26-18f2-18a9-3031-644313fbb055', 'Khối 3', '2023-07-19 15:40:37', 'DPHai', '2023-07-19 15:40:37', 'DPHai'),
('78aafe4a-67a7-2076-3bf3-eb0223d0a4f7', 'Khối 4', '2023-07-19 15:40:37', 'DPHai', '2023-07-19 15:40:37', 'DPHai'),
('7c4f14d8-66fb-14ae-198f-6354f958f4c0', 'Khối 5', '2023-07-19 15:40:37', 'DPHai', '2023-07-19 15:40:37', 'DPHai');

-- 
-- Dumping data for table topic
--
INSERT INTO topic VALUES
('0fedb39e-ada3-443c-b8a9-fc0f75cc2112', 'Chủ đề 16', '35e773ea-5d44-2dda-26a8-6d513e380bde', '1949dae3-4d44-217e-9c66-a58ab8ff47ca', '2023-07-21 00:00:00', 'DPHai', '2023-07-21 00:00:00', 'DPHai'),
('11131843-6f2a-7a2b-5052-ee3684e78c27', 'Chủ đề 1', '3f8e6896-4c7d-15f5-a018-75d8bd200d7c', '7fa72f44-2825-2b26-d190-152dfadf6d0d', '2023-07-19 15:40:37', 'DPHai', '2023-07-19 15:40:37', 'DPHai'),
('13497e14-31eb-40c2-85d5-50396a6cdc85', 'Chủ đề 12', '3f8e6896-4c7d-15f5-a018-75d8bd200d7c', '13a507d0-342d-6292-6de3-2ceaa9cf3765', '2023-07-21 00:00:00', 'DPHai', '2023-07-21 00:00:00', 'DPHai'),
('2000637a-2a69-2e7e-a135-f63bd3f197bd', 'Chủ đề 2', '7c4f14d8-66fb-14ae-198f-6354f958f4c0', '3650c04e-62b1-6908-5598-ae38c5379e4b', '2023-07-19 15:40:37', 'DPHai', '2023-07-19 15:40:37', 'DPHai'),
('27f91d6c-14b1-6c74-92ef-c9d5c2d91e91', 'Chủ đề 3', '3f8e6896-4c7d-15f5-a018-75d8bd200d7c', '6827e1c0-5b98-6d19-831b-27d9d367aeb0', '2023-07-19 15:40:37', 'DPHai', '2023-07-19 15:40:37', 'DPHai'),
('2cae53dc-6c39-2a1e-4df6-9777a5de214b', 'Chủ đề 4', '35e773ea-5d44-2dda-26a8-6d513e380bde', '1949dae3-4d44-217e-9c66-a58ab8ff47ca', '2023-07-19 15:40:37', 'DPHai', '2023-07-19 15:40:37', 'DPHai'),
('2d1eec64-1727-4d5a-812d-bad693a4aded', 'Chủ đề 15', '7c4f14d8-66fb-14ae-198f-6354f958f4c0', '114b715b-430f-74cd-d5c6-21b180c0988f', '2023-07-21 00:00:00', 'DPHai', '2023-07-21 00:00:00', 'DPHai'),
('30007451-29ff-4fe4-3707-70859f4ff30d', 'Chủ đề 5', '45ac3d26-18f2-18a9-3031-644313fbb055', '234be17d-3820-7daa-5698-ae38c5379e4b', '2023-07-19 15:40:37', 'DPHai', '2023-07-19 15:40:37', 'DPHai'),
('309d2263-2362-1f28-93ef-c9d5c2d91e91', 'Chủ đề 6', '35e773ea-5d44-2dda-26a8-6d513e380bde', '47782bc9-1bf1-7c7b-6ee3-2ceaa9cf3765', '2023-07-19 15:40:37', 'DPHai', '2023-07-19 15:40:37', 'DPHai'),
('34e2b4cc-3758-293d-7aa4-4b24de418577', 'Chủ đề 7', '45ac3d26-18f2-18a9-3031-644313fbb055', '114b715b-430f-74cd-d5c6-21b180c0988f', '2023-07-19 15:40:37', 'DPHai', '2023-07-19 15:40:37', 'DPHai'),
('3e39129b-279f-623f-88ea-778aee59fea3', 'Chủ đề 8', '35e773ea-5d44-2dda-26a8-6d513e380bde', '1f60e54f-196f-45f3-5498-ae38c5379e4b', '2023-07-19 15:40:37', 'DPHai', '2023-07-19 15:40:37', 'DPHai'),
('529ef8c0-4625-74c5-7ba4-4b24de418577', 'Chủ đề 9', '3f8e6896-4c7d-15f5-a018-75d8bd200d7c', '26895d47-1420-68d0-9e66-a58ab8ff47ca', '2023-07-19 15:40:37', 'DPHai', '2023-07-19 15:40:37', 'DPHai'),
('537da87a-5f64-45ae-90ec-2021e04ce52c', 'Chủ đề 18', '35e773ea-5d44-2dda-26a8-6d513e380bde', '114b715b-430f-74cd-d5c6-21b180c0988f', '2023-07-21 00:00:00', 'DPHai', '2023-07-21 00:00:00', 'DPHai'),
('61141759-05eb-4164-beb7-0fdebfc5647a', 'Chủ đề 13', '35e773ea-5d44-2dda-26a8-6d513e380bde', '234be17d-3820-7daa-5698-ae38c5379e4b', '2023-07-21 00:00:00', 'DPHai', '2023-07-21 00:00:00', 'DPHai'),
('6528b15d-6674-724f-79a4-4b24de418577', 'Chủ đề 10', '7c4f14d8-66fb-14ae-198f-6354f958f4c0', '6e0dc48e-3eac-6143-9b66-a58ab8ff47ca', '2023-07-19 15:40:37', 'DPHai', '2023-07-19 15:40:37', 'DPHai'),
('6aaf5d2b-8893-4f5c-8ea4-a7173f532377', 'Chủ đề 11', '78aafe4a-67a7-2076-3bf3-eb0223d0a4f7', '1242d680-4f02-3bbb-9d66-a58ab8ff47ca', '2023-07-21 00:00:00', 'DPHai', '2023-07-21 00:00:00', 'DPHai'),
('86612533-b32f-439b-84b5-eeb0c79e83cc', 'Chủ đề 14', '78aafe4a-67a7-2076-3bf3-eb0223d0a4f7', '3650c04e-62b1-6908-5598-ae38c5379e4b', '2023-07-21 00:00:00', 'DPHai', '2023-07-21 00:00:00', 'DPHai'),
('f2e7711e-df2b-4548-a498-dbbb86040dc3', 'Chủ đề 17', '35e773ea-5d44-2dda-26a8-6d513e380bde', '114b715b-430f-74cd-d5c6-21b180c0988f', '2023-07-21 00:00:00', 'DPHai', '2023-07-21 00:00:00', 'DPHai');

-- 
-- Dumping data for table exercise
--
INSERT INTO exercise VALUES
('11fe587d-18ea-43ee-ac40-670be88a79c8', NULL, NULL, '35e773ea-5d44-2dda-26a8-6d513e380bde', '114b715b-430f-74cd-d5c6-21b180c0988f', NULL, 1, NULL, '2023-07-26 09:05:01', 'DPHai', '2023-08-02 11:01:57', 'DPHai'),
('309af3d0-9431-458a-aa5d-0ff476fe0b4f', NULL, NULL, '35e773ea-5d44-2dda-26a8-6d513e380bde', '114b715b-430f-74cd-d5c6-21b180c0988f', NULL, 0, NULL, '2023-08-02 11:29:12', 'DPHai', '2023-08-02 11:29:12', 'DPHai'),
('46b24e87-60ad-4738-b4fc-9a38d6876102', 'bai toan ', NULL, '45ac3d26-18f2-18a9-3031-644313fbb055', '114b715b-430f-74cd-d5c6-21b180c0988f', '34e2b4cc-3758-293d-7aa4-4b24de418577', 1, 'cscs', '2023-08-02 10:57:26', 'DPHai', '2023-08-02 10:58:48', 'DPHai'),
('506acf1e-5331-67a9-0d77-d9ebc53aac3d', 'Bài tập 2', NULL, '3f8e6896-4c7d-15f5-a018-75d8bd200d7c', '13a507d0-342d-6292-6de3-2ceaa9cf3765', '13497e14-31eb-40c2-85d5-50396a6cdc85', 1, 'tag1', '2023-07-19 15:40:37', 'DPHai', '2023-07-19 15:40:37', 'DPHai'),
('57cdf8c4-47e3-5560-7e41-c1ec321fe728', 'Bài tập 3', NULL, '35e773ea-5d44-2dda-26a8-6d513e380bde', '234be17d-3820-7daa-5698-ae38c5379e4b', '61141759-05eb-4164-beb7-0fdebfc5647a', 1, 'tag2', '2023-07-19 15:40:37', 'DPHai', '2023-07-26 01:15:15', 'DPHai'),
('6c80a684-1cb5-41af-ff34-60b3ebf808a9', 'Bài tập 5', NULL, '7c4f14d8-66fb-14ae-198f-6354f958f4c0', '114b715b-430f-74cd-d5c6-21b180c0988f', '2d1eec64-1727-4d5a-812d-bad693a4aded', 1, 'tag2', '2023-07-19 15:40:37', 'DPHai', '2023-07-19 15:40:37', 'DPHai'),
('743c0a63-8ab3-4d45-97e8-cb34d1b53084', NULL, NULL, '35e773ea-5d44-2dda-26a8-6d513e380bde', '114b715b-430f-74cd-d5c6-21b180c0988f', NULL, 0, NULL, '2023-07-26 03:18:14', 'DPHai', '2023-07-26 03:18:18', 'DPHai'),
('de569313-2ea8-4aa1-86c7-9cc9e8fc83ce', NULL, NULL, '35e773ea-5d44-2dda-26a8-6d513e380bde', '114b715b-430f-74cd-d5c6-21b180c0988f', NULL, 0, NULL, '2023-07-26 01:54:16', 'DPHai', '2023-07-26 01:54:16', 'DPHai'),
('f4638be5-78f8-4e99-bf93-306b8c715454', NULL, NULL, '35e773ea-5d44-2dda-26a8-6d513e380bde', '114b715b-430f-74cd-d5c6-21b180c0988f', NULL, 0, NULL, '2023-07-24 11:18:48', 'DPHai', '2023-07-26 01:22:47', 'DPHai');

-- 
-- Dumping data for table question
--
INSERT INTO question VALUES
('11fbda18-5d9f-396c-1299-04b3a3d51ef2', 'Nội dung câu hỏi 4', NULL, '57cdf8c4-47e3-5560-7e41-c1ec321fe728', 2, '2023-07-19 15:40:37', 'DPHai', '2023-07-19 15:40:37', 'DPHai'),
('18225605-6bf3-40fd-bfe4-2e144bf709be', '<p>dao phuc hai</p>', NULL, '46b24e87-60ad-4738-b4fc-9a38d6876102', 1, '2023-08-02 10:57:26', 'DPHai', '2023-08-02 10:57:26', 'DPHai'),
('2cdd2f1c-3b6e-4f3e-8956-71b86a08d244', '<p>ree</p>', NULL, '11fe587d-18ea-43ee-ac40-670be88a79c8', 1, '2023-07-26 09:05:01', 'DPHai', '2023-07-26 09:05:01', 'DPHai'),
('31c21437-d3f3-4c6e-b1a8-900c462c5b41', '<p>d</p>', NULL, '743c0a63-8ab3-4d45-97e8-cb34d1b53084', 3, '2023-07-26 03:18:30', 'DPHai', '2023-07-26 03:18:30', 'DPHai'),
('326226a9-64a5-4889-9a50-c342834b691c', '<p>sadas</p>', NULL, '743c0a63-8ab3-4d45-97e8-cb34d1b53084', 2, '2023-07-26 03:18:18', 'DPHai', '2023-07-26 03:18:18', 'DPHai'),
('46781792-7781-46d9-8032-f555d8033086', '<p>chon dap an nhan ban</p>', NULL, '11fe587d-18ea-43ee-ac40-670be88a79c8', 1, '2023-08-02 11:01:27', 'DPHai', '2023-08-02 11:01:27', 'DPHai'),
('5e6695e2-5aad-3241-6c1a-bb545470e80c', 'Nội dung câu hỏi 5', ' Lời giải 2', '506acf1e-5331-67a9-0d77-d9ebc53aac3d', 1, '2023-07-19 15:40:37', 'DPHai', '2023-07-19 15:40:37', 'DPHai'),
('60e226cb-63fb-4363-fc4d-8601bf3d85d8', 'Nội dung câu hỏi 3', 'Lời giải 1', '506acf1e-5331-67a9-0d77-d9ebc53aac3d', 2, '2023-07-19 15:40:37', 'DPHai', '2023-07-19 15:40:37', 'DPHai'),
('6207a9a7-3bf9-7288-8565-390639088226', 'Nội dung câu hỏi 1', NULL, '6c80a684-1cb5-41af-ff34-60b3ebf808a9', 4, '2023-07-19 15:40:37', 'DPHai', '2023-07-19 15:40:37', 'DPHai'),
('6d81a322-63f0-7270-6d1a-bb545470e80c', '<p>Nội dung câu hỏi 2</p>', 'Lời giải 1', '57cdf8c4-47e3-5560-7e41-c1ec321fe728', 1, '2023-07-19 15:40:37', 'DPHai', '2023-07-26 01:15:58', 'DPHai'),
('ade98b4e-b54b-4d19-b591-7d61fecbb409', '<p>1</p>', NULL, '309af3d0-9431-458a-aa5d-0ff476fe0b4f', 1, '2023-08-02 11:29:12', 'DPHai', '2023-08-02 11:29:12', 'DPHai'),
('ba99d4c8-5550-4bf5-a489-86ba9859e657', '<p>dung sai</p>', NULL, '11fe587d-18ea-43ee-ac40-670be88a79c8', 2, '2023-08-02 11:00:58', 'DPHai', '2023-08-02 11:00:58', 'DPHai'),
('c7ba882c-9642-4a9a-98c5-f9f6c3b84b82', '<p>1</p>', NULL, '743c0a63-8ab3-4d45-97e8-cb34d1b53084', 1, '2023-07-26 03:18:14', 'DPHai', '2023-07-26 03:18:14', 'DPHai'),
('cb2270b3-c3d2-4151-8f5d-21c8d6135f6a', '<p>1</p>', NULL, 'f4638be5-78f8-4e99-bf93-306b8c715454', 1, '2023-07-24 11:18:48', 'DPHai', '2023-07-26 01:22:47', 'DPHai'),
('d418a117-109a-4636-b75e-6f46dbc17e40', '<p>123</p>', NULL, 'de569313-2ea8-4aa1-86c7-9cc9e8fc83ce', 1, '2023-07-26 01:54:16', 'DPHai', '2023-07-26 01:54:16', 'DPHai'),
('e6cdf5aa-8abd-46f5-8415-80d9e3147885', '<p>dao phuc hai</p>', NULL, '46b24e87-60ad-4738-b4fc-9a38d6876102', 1, '2023-08-02 10:57:58', 'DPHai', '2023-08-02 10:57:58', 'DPHai');

-- 
-- Dumping data for table answer
--
INSERT INTO answer VALUES
('008c6f51-0f9a-487d-868a-8d668d4cc4b3', '<p>2</p>', NULL, 0, 1, 'c7ba882c-9642-4a9a-98c5-f9f6c3b84b82', '2023-07-26 03:18:14', 'DPHai', '2023-07-26 03:18:14', 'DPHai'),
('11452b0c-768e-5ff7-0d63-eeb1d8ed8cef', 'Đáp án Chọn 1 - 1', NULL, 1, 0, '5e6695e2-5aad-3241-6c1a-bb545470e80c', '2023-07-19 15:40:37', 'DPHai', '2023-07-19 15:40:37', 'DPHai'),
('142cb08f-7c31-21fa-8e90-67245e8b283e', 'Đáp án Chọn 2 - 1', NULL, 0, 1, '5e6695e2-5aad-3241-6c1a-bb545470e80c', '2023-07-19 15:40:37', 'DPHai', '2023-07-19 15:40:37', 'DPHai'),
('17120d02-6ab5-3e43-18cb-66948daf6128', ' Đáp án Chọn 3 - 1', NULL, 1, 2, '5e6695e2-5aad-3241-6c1a-bb545470e80c', '2023-07-19 15:40:37', 'DPHai', '2023-07-19 15:40:37', 'DPHai'),
('1d1e109d-c2b9-4136-bb72-55f80388182f', '<p>2</p>', NULL, 0, 3, 'd418a117-109a-4636-b75e-6f46dbc17e40', '2023-07-26 01:54:16', 'DPHai', '2023-07-26 01:54:16', 'DPHai'),
('1e9cb9c4-b4b3-4f45-9719-15fccc3f3a85', '<p>sd</p>', NULL, 0, 1, '2cdd2f1c-3b6e-4f3e-8956-71b86a08d244', '2023-07-26 09:05:01', 'DPHai', '2023-07-26 09:05:01', 'DPHai'),
('2bbbd485-6df2-536a-7e32-6a1673ffca7c', 'Đúng ss', NULL, 1, 0, '11fbda18-5d9f-396c-1299-04b3a3d51ef2', '2023-07-19 15:40:37', 'DPHai', '2023-07-19 15:40:37', 'DPHai'),
('31b2c9fd-698f-4463-8e68-515f55846c1b', '<p>1</p>', NULL, 1, 0, 'cb2270b3-c3d2-4151-8f5d-21c8d6135f6a', '2023-07-26 01:22:47', 'DPHai', '2023-07-26 01:22:47', 'DPHai'),
('36ae9655-ebd0-4a6b-b7b6-3b590e785ce0', '<p>1</p>', NULL, 0, 0, 'c7ba882c-9642-4a9a-98c5-f9f6c3b84b82', '2023-07-26 03:18:14', 'DPHai', '2023-07-26 03:18:14', 'DPHai'),
('3a12bdff-a33a-4a29-8b79-f390dedbb85f', '<p>1</p>', NULL, 0, 0, 'ade98b4e-b54b-4d19-b591-7d61fecbb409', '2023-08-02 11:29:12', 'DPHai', '2023-08-02 11:29:12', 'DPHai'),
('3fd268da-a402-4db0-95f8-29bd27e76d7a', '<p>3</p>', NULL, 1, 4, 'd418a117-109a-4636-b75e-6f46dbc17e40', '2023-07-26 01:54:16', 'DPHai', '2023-07-26 01:54:16', 'DPHai'),
('469b3ece-744a-45d5-957d-e8c757976496', 'Sai ss', NULL, 0, 1, '11fbda18-5d9f-396c-1299-04b3a3d51ef2', '2023-07-19 15:40:37', 'DPHai', '2023-07-19 15:40:37', 'DPHai'),
('48ac918d-7593-4a02-b9c4-5e0e3ebc47bc', 's;s23', NULL, 1, 0, '31c21437-d3f3-4c6e-b1a8-900c462c5b41', '2023-07-26 03:18:30', 'DPHai', '2023-07-26 03:18:30', 'DPHai'),
('4b31ed2f-4275-4955-9b88-b13024d36c86', '<p>2</p>', NULL, 0, 1, 'cb2270b3-c3d2-4151-8f5d-21c8d6135f6a', '2023-07-26 01:22:47', 'DPHai', '2023-07-26 01:22:47', 'DPHai'),
('59b9a2b4-138c-482a-82d1-fb32dce6c803', 'Sai', NULL, 0, 1, '326226a9-64a5-4889-9a50-c342834b691c', '2023-07-26 03:18:18', 'DPHai', '2023-07-26 03:18:18', 'DPHai'),
('66d1c078-a4e2-4377-978a-e1d3871ea5a3', '<p>2</p>', NULL, 0, 1, '18225605-6bf3-40fd-bfe4-2e144bf709be', '2023-08-02 10:57:26', 'DPHai', '2023-08-02 10:57:26', 'DPHai'),
('738d8e3a-614b-4191-a2fa-0b4e75cf2d02', '<p>231</p>', NULL, 1, 2, '46781792-7781-46d9-8032-f555d8033086', '2023-08-02 11:01:27', 'DPHai', '2023-08-02 11:01:27', 'DPHai'),
('7686595d-16d5-33b3-0080-e8e2a817c80e', 'Đúng s', NULL, 1, 0, '60e226cb-63fb-4363-fc4d-8601bf3d85d8', '2023-07-19 15:40:37', 'DPHai', '2023-07-19 15:40:37', 'DPHai'),
('768f8e64-7d10-20c9-967d-e8c757976496', 'Sai s', NULL, 0, 1, '60e226cb-63fb-4363-fc4d-8601bf3d85d8', '2023-07-19 15:40:37', 'DPHai', '2023-07-19 15:40:37', 'DPHai'),
('80dc9cfc-b075-4e34-afc6-44db24b22523', '<p>4</p>', NULL, 0, 3, '18225605-6bf3-40fd-bfe4-2e144bf709be', '2023-08-02 10:57:26', 'DPHai', '2023-08-02 10:57:26', 'DPHai'),
('8497f5fc-f6c3-49c0-934c-d1b1f038a1fc', '<p>1</p>', NULL, 0, 0, 'e6cdf5aa-8abd-46f5-8415-80d9e3147885', '2023-08-02 10:57:58', 'DPHai', '2023-08-02 10:57:58', 'DPHai'),
('8bf2256a-d352-4939-b728-149871ef7552', '<p>2</p>', NULL, 0, 1, 'ade98b4e-b54b-4d19-b591-7d61fecbb409', '2023-08-02 11:29:12', 'DPHai', '2023-08-02 11:29:12', 'DPHai'),
('8f292db5-73ce-4740-bab5-586a11c54b54', '<p>3</p>', NULL, 1, 2, '18225605-6bf3-40fd-bfe4-2e144bf709be', '2023-08-02 10:57:26', 'DPHai', '2023-08-02 10:57:26', 'DPHai'),
('946b3630-baaf-4536-a302-8b08bb675f48', '<p>244</p>', NULL, 0, 1, '46781792-7781-46d9-8032-f555d8033086', '2023-08-02 11:01:27', 'DPHai', '2023-08-02 11:01:27', 'DPHai'),
('946e6bc7-696c-40e3-8bdb-6d4cfc733bf4', '<p>Đáp án Chọn 2 - 3</p>', NULL, 1, 0, '6d81a322-63f0-7270-6d1a-bb545470e80c', '2023-07-26 01:15:58', 'DPHai', '2023-07-26 01:15:58', 'DPHai'),
('95a42ec8-d6da-4807-a6a5-78d99306ba59', '<p>3</p>', NULL, 1, 2, 'c7ba882c-9642-4a9a-98c5-f9f6c3b84b82', '2023-07-26 03:18:14', 'DPHai', '2023-07-26 03:18:14', 'DPHai'),
('99da0483-dfbd-4592-a962-78b1b67380ae', 'Đúng', NULL, 0, 0, 'ba99d4c8-5550-4bf5-a489-86ba9859e657', '2023-08-02 11:00:58', 'DPHai', '2023-08-02 11:00:58', 'DPHai'),
('af260c04-6f61-4915-b63a-1ee3e041cba1', '<p>1</p>', NULL, 0, 0, 'd418a117-109a-4636-b75e-6f46dbc17e40', '2023-07-26 01:54:16', 'DPHai', '2023-07-26 01:54:16', 'DPHai'),
('b0e76a04-db93-403b-b6a3-40a8774077f4', '<p>23</p>', NULL, 1, 2, 'e6cdf5aa-8abd-46f5-8415-80d9e3147885', '2023-08-02 10:57:58', 'DPHai', '2023-08-02 10:57:58', 'DPHai'),
('caa483f5-efe0-440e-8666-b4f0a9a24ad2', '<p>4423</p>', NULL, 1, 0, '46781792-7781-46d9-8032-f555d8033086', '2023-08-02 11:01:27', 'DPHai', '2023-08-02 11:01:27', 'DPHai'),
('cb4164c8-7cae-4059-b23f-03ff3de9fed7', '<p>1</p>', NULL, 0, 0, '18225605-6bf3-40fd-bfe4-2e144bf709be', '2023-08-02 10:57:26', 'DPHai', '2023-08-02 10:57:26', 'DPHai'),
('cf4b6eb8-ac57-42f0-985a-c32c57905ade', '<p>3</p>', NULL, 1, 2, 'ade98b4e-b54b-4d19-b591-7d61fecbb409', '2023-08-02 11:29:12', 'DPHai', '2023-08-02 11:29:12', 'DPHai'),
('daf9699a-3a93-4676-a71a-4fc8aabec926', 'Đúng', NULL, 1, 0, '326226a9-64a5-4889-9a50-c342834b691c', '2023-07-26 03:18:18', 'DPHai', '2023-07-26 03:18:18', 'DPHai'),
('dfb3476c-7c42-41e5-b221-d0ae7fd6d75e', 'Sai', NULL, 1, 1, 'ba99d4c8-5550-4bf5-a489-86ba9859e657', '2023-08-02 11:00:58', 'DPHai', '2023-08-02 11:00:58', 'DPHai'),
('e088b5e2-ffe1-4f77-91d7-1eff997aad7b', '<p>4</p>', NULL, 0, 3, 'c7ba882c-9642-4a9a-98c5-f9f6c3b84b82', '2023-07-26 03:18:14', 'DPHai', '2023-07-26 03:18:14', 'DPHai'),
('e0c616e0-5009-48b0-a342-08202a5b8660', '<p>122</p>', NULL, 1, 0, '2cdd2f1c-3b6e-4f3e-8956-71b86a08d244', '2023-07-26 09:05:01', 'DPHai', '2023-07-26 09:05:01', 'DPHai'),
('e4bba777-e0ee-46d8-9982-28b8ffcdd6ca', '<p>4</p>', NULL, 0, 3, 'ade98b4e-b54b-4d19-b591-7d61fecbb409', '2023-08-02 11:29:12', 'DPHai', '2023-08-02 11:29:12', 'DPHai'),
('ee0c48f2-87e2-4764-a998-5e4f0722e6ed', '<p>42</p>', NULL, 1, 3, 'e6cdf5aa-8abd-46f5-8415-80d9e3147885', '2023-08-02 10:57:58', 'DPHai', '2023-08-02 10:57:58', 'DPHai');

-- 
-- Restore previous SQL mode
-- 
/*!40101 SET SQL_MODE=@OLD_SQL_MODE */;

-- 
-- Enable foreign keys
-- 
/*!40014 SET FOREIGN_KEY_CHECKS = @OLD_FOREIGN_KEY_CHECKS */;